_group,_leagueName,teamId,teamName,有效投篮命中率,篮下比重,篮下命中率,中距离比重,中距离命中率,三分比重,三分命中率,对手有效命中率,对手篮下比重,对手篮下命中率,对手中距离比重,对手中距离命中率,对手三分比重,对手三分命中率,篮下近距离比重,短中距离命中率,远中距离比重,长中距离命中率,底角三分比重,底角三分命中率,侧翼三分比重,非底角三分命中率,对手近距离比重,对手近距离命中率,对手远中距离比重,对手远中距离命中率,对手底角三分比重,对手底角三分命中率,对手侧翼三分比重,对手侧翼三分命中率,leagueEventId,leagueEvent,seasonId,season,year,playerId,playerName,playerEnName,number,age,sex,position,height,weight,positionCn,上场时间(分钟),上场时间(秒),onOff,球队比赛场次,球队eFG%百分位,球队篮下出手占比百分位排名,球队篮下命中率百分位排名,球队中距离出手占比百分位排名,球队中距离命中率百分位排名,球队三分出手占比百分位排名,球队三分命中率百分位排名,对手eFG%百分位,对手篮下出手占比百分位排名,对手篮下命中率百分位排名,对手中距离出手占比百分位排名,对手中距离命中率百分位排名,对手三分出手占比百分位排名,对手三分命中率百分位排名,_playerName
CUBAL一级联赛,CUBAL一级联赛,1003320453,清华大学,-0.002345,-0.088224,0.018627,-0.002294,-0.003807,0.090517,0.023395,0.000072,0.025811,0.059047,0.024276,-0.065105,-0.050086,0.00881,,,,,,,,,,,,,,,,,20005,CUBAL一级联赛,200406,2024-25,2024,40730,李嘉琳,,,19,,,,,,690,,差值,,47.28,10.74,56.3,49.86,47.71,88.54,62.61,48.42,33.95,26.79,34.1,74.5,80.52,47.13,
CUBAL一级联赛,CUBAL一级联赛,1003320453,清华大学,0.519113,0.437309,0.671329,0.252294,0.375758,0.310398,0.280788,0.372744,0.238267,0.492424,0.371841,0.359223,0.389892,0.208333,0,0,0,0,0,0,0,0,0,0,0,0,0,0,0,0,20005,CUBAL一级联赛,200406,2024-25,2024,40730,李嘉琳,,,19,,,,,,356.1,21365,在场,,81.62,63.91,82.28,44.54,72.35,38.41,60.93,65.56,84.93,62.58,19.04,33.61,31.29,67.55,
CUBAL一级联赛,CUBAL一级联赛,1003320453,清华大学,0.516768,0.349085,0.689956,0.25,0.371951,0.400915,0.304183,0.372816,0.264078,0.551471,0.396117,0.294118,0.339806,0.217143,0,0,0,0,0,0,0,0,0,0,0,0,0,0,0,0,20005,CUBAL一级联赛,200406,2024-25,2024,40730,李嘉琳,,,19,,,,,,333.9,20035,不在场,,80.96,39.24,85.26,43.54,69.7,73.84,69.21,65.56,81.13,45.7,13.91,50.17,52.48,65.56,
CUBAL一级联赛,CUBAL一级联赛,1003320453,清华大学,-0.015181,-0.11897,0.002678,0.028518,0.060108,0.090452,-0.016119,-0.036708,-0.004296,0,-0.021048,-0.006587,0.025345,-0.058593,,,,,,,,,,,,,,,,,20005,CUBAL一级联赛,200267,2023-24,2023,40730,李嘉琳,,,18,,,,,,720,,差值,,36.62,5.21,49.01,66.43,75.4,90.48,37.52,72.17,52.06,47.04,66.61,51.35,30.88,78.99,
CUBAL一级联赛,CUBAL一级联赛,1003320453,清华大学,0.517068,0.454819,0.649007,0.262048,0.329502,0.283133,0.319149,0.365724,0.242638,0.5,0.37338,0.271293,0.383981,0.248466,0,0,0,0,0,0,0,0,0,0,0,0,0,0,0,0,20005,CUBAL一级联赛,200267,2023-24,2023,40730,李嘉琳,,,18,,,,,,577.2,34630,在场,,84.46,86.52,69.48,27.15,58.99,29.03,77.34,64.61,70.97,69.1,37.08,60.67,31.65,50.37,
CUBAL一级联赛,CUBAL一级联赛,1003320453,清华大学,0.501887,0.335849,0.651685,0.290566,0.38961,0.373585,0.30303,0.329016,0.238342,0.5,0.352332,0.264706,0.409326,0.189873,0,0,0,0,0,0,0,0,0,0,0,0,0,0,0,0,20005,CUBAL一级联赛,200267,2023-24,2023,40730,李嘉琳,,,18,,,,,,142.8,8570,不在场,,80.34,58.05,70.04,35.21,79.4,64.42,72.28,78.46,72.28,69.1,42.51,62.55,23.41,72.1,
CUBAL一级联赛,CUBAL一级联赛,1003320453,清华大学,-0.020295,0.063332,-0.006718,0.019786,-0.005127,-0.083117,-0.056414,-0.054952,-0.009997,-0.152471,0.036526,0.05456,-0.026528,-0.064616,,,,,,,,,,,,,,,,,20005,CUBAL一级联赛,200406,2024-25,2024,32072,吴语桐,,,20,,,,,,690,,差值,,36.39,78.65,45.42,61.89,46.85,13.61,21.63,80.23,55.73,94.41,24.93,27.51,70.63,78.94,
CUBAL一级联赛,CUBAL一级联赛,1003320453,清华大学,0.508535,0.422475,0.676768,0.260313,0.371585,0.317212,0.264574,0.347487,0.246101,0.450704,0.400347,0.350649,0.353553,0.181373,0,0,0,0,0,0,0,0,0,0,0,0,0,0,0,0,20005,CUBAL一级联赛,200406,2024-25,2024,32072,吴语桐,,,20,,,,,,376,22560,不在场,,79.8,59.93,82.62,47.35,69.7,40.23,53.81,76.49,83.77,72.02,13.41,36.26,45.7,76.82,
CUBAL一级联赛,CUBAL一级联赛,1003320453,清华大学,0.52883,0.359143,0.683486,0.240527,0.376712,0.400329,0.320988,0.402439,0.256098,0.603175,0.363821,0.296089,0.380081,0.245989,0,0,0,0,0,0,0,0,0,0,0,0,0,0,0,0,20005,CUBAL一级联赛,200406,2024-25,2024,32072,吴语桐,,,20,,,,,,314,18840,在场,,84.27,41.89,83.77,41.56,72.35,73.84,74.01,54.47,81.79,31.95,20.86,50,35.26,53.64,
CUBAL一级联赛,CUBAL一级联赛,1003320453,清华大学,0.013753,-0.005398,0.064858,0.007435,0.02331,-0.002037,-0.0407,0.021332,0.061425,0.055728,-0.052094,0.064512,-0.00933,-0.049944,,,,,,,,,,,,,,,,,20005,CUBAL一级联赛,200267,2023-24,2023,32072,吴语桐,,,19,,,,,,720,,差值,,56.01,45.42,74.33,54.22,60.68,50.27,24.96,34.29,14.72,25.31,82.05,21.9,53.32,76.84,
CUBAL一级联赛,CUBAL一级联赛,1003320453,清华大学,0.508152,0.432065,0.622642,0.264946,0.333333,0.302989,0.331839,0.350163,0.216612,0.473684,0.390879,0.245833,0.392508,0.257261,0,0,0,0,0,0,0,0,0,0,0,0,0,0,0,0,20005,CUBAL一级联赛,200267,2023-24,2023,32072,吴语桐,,,19,,,,,,426.7,25602,在场,,81.84,82.4,63.67,27.9,62.36,36.89,79.78,71.35,80.15,73.78,30.9,69.29,29.03,44.57,
CUBAL一级联赛,CUBAL一级联赛,1003320453,清华大学,0.521905,0.426667,0.6875,0.272381,0.356643,0.300952,0.291139,0.371495,0.278037,0.529412,0.338785,0.310345,0.383178,0.207317,0,0,0,0,0,0,0,0,0,0,0,0,0,0,0,0,20005,CUBAL一级联赛,200267,2023-24,2023,32072,吴语桐,,,19,,,,,,293.3,17598,不在场,,85.58,81.09,79.78,29.78,68.16,36.52,68.35,62.55,59.18,61.24,46.25,47.57,32.02,63.48,
CUBAL一级联赛,CUBAL一级联赛,1003320453,清华大学,0.031174,-0.02915,0.378947,0.058299,0,-0.02915,-0.157895,0.473015,0.126985,0.35,-0.234921,0.647059,0.107936,0.375,,,,,,,,,,,,,,,,,20005,CUBAL一级联赛,200069,2022-23,2022,32072,吴语桐,,,18,,,,,,40,,差值,,,,,,,,,,,,,,,,
CUBAL一级联赛,CUBAL一级联赛,1003320453,清华大学,0.284615,0.292308,0.421053,0.415385,0.222222,0.292308,0.157895,0.455556,0.444444,0.65,0.377778,0.352941,0.177778,0.125,0,0,0,0,0,0,0,0,0,0,0,0,0,0,0,0,20005,CUBAL一级联赛,200069,2022-23,2022,32072,吴语桐,,,18,,,,,,32,1920,在场,,,,,,,,,,,,,,,,
CUBAL一级联赛,CUBAL一级联赛,1003320453,清华大学,0.315789,0.263158,0.8,0.473684,0.222222,0.263158,0,0.928571,0.571429,1,0.142857,1,0.285714,0.5,0,0,0,0,0,0,0,0,0,0,0,0,0,0,0,0,20005,CUBAL一级联赛,200069,2022-23,2022,32072,吴语桐,,,18,,,,,,8,480,不在场,,,,,,,,,,,,,,,,
CUBAL一级联赛,CUBAL一级联赛,1003320453,清华大学,0.029415,0.060192,0.004083,-0.005745,-0.011688,-0.054447,0.02902,-0.022035,-0.015506,-0.127423,0.03788,0.057445,-0.022375,-0.014258,,,,,,,,,,,,,,,,,20005,CUBAL一级联赛,200406,2024-25,2024,32064,王小青,,,22,,,,,,690,,差值,,68.77,77.51,50.57,47.99,44.7,23.78,66.62,64.47,59.03,89.54,24.36,26.07,68.62,59.17,
CUBAL一级联赛,CUBAL一级联赛,1003320453,清华大学,0.528335,0.414404,0.680912,0.249115,0.369668,0.336482,0.305263,0.365193,0.245364,0.476744,0.396576,0.345324,0.35806,0.207171,0,0,0,0,0,0,0,0,0,0,0,0,0,0,0,0,20005,CUBAL一级联赛,200406,2024-25,2024,32064,王小青,,,22,,,,,,458.1,27487,不在场,,83.94,58.11,83.28,43.54,69.37,46.52,69.7,69.04,83.77,66.72,13.74,37.42,43.71,67.72,
CUBAL一级联赛,CUBAL一级联赛,1003320453,清华大学,0.49892,0.354212,0.676829,0.25486,0.381356,0.390929,0.276243,0.387228,0.26087,0.604167,0.358696,0.287879,0.380435,0.221429,0,0,0,0,0,0,0,0,0,0,0,0,0,0,0,0,20005,CUBAL一级联赛,200406,2024-25,2024,32064,王小青,,,22,,,,,,231.9,13913,在场,,76.82,40.89,82.62,45.36,73.18,68.87,59.44,61.09,81.46,31.95,22.19,52.15,35.26,63.91,
CUBAL一级联赛,CUBAL一级联赛,1003320453,清华大学,-0.027577,0.025088,-0.071562,-0.035532,-0.023326,0.010443,0.000664,-0.024678,-0.011603,-0.079446,0.014575,-0.061825,-0.002971,0.034771,,,,,,,,,,,,,,,,,20005,CUBAL一级联赛,200267,2023-24,2023,32064,王小青,,,21,,,,,,720,,差值,,31.42,61.94,22.8,31.42,35.91,57.09,49.73,65.35,57.63,79.35,44.17,76.3,49.73,30.52,
CUBAL一级联赛,CUBAL一级联赛,1003320453,清华大学,0.500756,0.441755,0.616438,0.251135,0.331325,0.30711,0.315271,0.347273,0.236364,0.461538,0.376364,0.241546,0.387273,0.253521,0,0,0,0,0,0,0,0,0,0,0,0,0,0,0,0,20005,CUBAL一级联赛,200267,2023-24,2023,32064,王小青,,,21,,,,,,384.7,23083,不在场,,80.34,84.46,61.99,23.78,58.99,38.39,75.66,72.47,73.41,76.22,36.52,69.66,30.34,45.32,
CUBAL一级联赛,CUBAL一级联赛,1003320453,清华大学,0.528333,0.416667,0.688,0.286667,0.354651,0.296667,0.314607,0.371951,0.247967,0.540984,0.361789,0.303371,0.390244,0.21875,0,0,0,0,0,0,0,0,0,0,0,0,0,0,0,0,20005,CUBAL一级联赛,200267,2023-24,2023,32064,王小青,,,21,,,,,,335.3,20117,在场,,86.89,79.03,79.96,35.02,67.98,35.58,75.47,62.55,69.29,58.8,40.07,50.56,29.96,60.49,
CUBAL一级联赛,CUBAL一级联赛,1003320453,清华大学,-0.078572,0,-0.3,0,-0.133333,0,0.15,-0.65625,-0.041667,-0.318182,0.104167,-0.647059,-0.0625,-0.888889,,,,,,,,,,,,,,,,,20005,CUBAL一级联赛,200069,2022-23,2022,32064,王小青,,,20,,,,,,40,,差值,,16.67,51.11,3.33,48.89,16.67,51.11,83.33,100,63.33,94.44,12.22,98.89,76.67,100,
CUBAL一级联赛,CUBAL一级联赛,1003320453,清华大学,0.278571,0.285714,0.45,0.428571,0.2,0.285714,0.15,0.46875,0.458333,0.681818,0.354167,0.352941,0.1875,0.111111,0,0,0,0,0,0,0,0,0,0,0,0,0,0,0,0,20005,CUBAL一级联赛,200069,2022-23,2022,32064,王小青,,,20,,,,,,35.5,2129,不在场,,6.25,80.36,74.11,93.75,72.32,28.57,17.86,33.93,4.46,2.68,12.5,9.82,94.64,92.86,
CUBAL一级联赛,CUBAL一级联赛,1003320453,清华大学,0.357143,0.285714,0.75,0.428571,0.333333,0.285714,0,1.125,0.5,1,0.25,1,0.25,1,0,0,0,0,0,0,0,0,0,0,0,0,0,0,0,0,20005,CUBAL一级联赛,200069,2022-23,2022,32064,王小青,,,20,,,,,,4.5,271,在场,,25.89,80.36,100,93.75,89.29,28.57,0,0,0.89,0,27.68,0,80.36,0,
CUBAL一级联赛,CUBAL一级联赛,1003320453,清华大学,-0.024218,-0.047129,0.076389,-0.024468,-0.078432,0.071597,-0.047311,-0.000648,0.008871,-0.076031,-0.005588,-0.032457,-0.003284,0.053012,,,,,,,,,,,,,,,,,20005,CUBAL一级联赛,200406,2024-25,2024,92064,刘琦,,,20,,,,,,690,,差值,,33.67,23.21,78.22,37.54,18.91,82.95,25.64,49.43,43.41,79.23,55.87,62.61,53.15,25.07,
CUBAL一级联赛,CUBAL一级联赛,1003320453,清华大学,0.506015,0.369925,0.719512,0.239098,0.333333,0.390977,0.273077,0.372458,0.255083,0.485507,0.380776,0.31068,0.36414,0.238579,0,0,0,0,0,0,0,0,0,0,0,0,0,0,0,0,20005,CUBAL一级联赛,200406,2024-25,2024,92064,刘琦,,,20,,,,,,337.6,20257,不在场,,78.81,45.36,89.4,41.39,59.11,68.87,58.94,65.73,81.79,63.91,16.56,46.69,41.56,55.96,
CUBAL一级联赛,CUBAL一级联赛,1003320453,清华大学,0.530233,0.417054,0.643123,0.263566,0.411765,0.31938,0.320388,0.373106,0.246212,0.561538,0.386364,0.343137,0.367424,0.185567,0,0,0,0,0,0,0,0,0,0,0,0,0,0,0,0,20005,CUBAL一级联赛,200406,2024-25,2024,92064,刘琦,,,20,,,,,,352.4,21143,在场,,84.27,59.27,77.32,48.01,80.3,40.89,74.01,65.56,83.77,43.71,15.56,37.58,40.56,75.17,
CUBAL一级联赛,CUBAL一级联赛,1003320453,清华大学,0.059302,0.045795,0.053949,-0.022127,0.112458,-0.023668,-0.011033,0.001884,0.02305,-0.025801,0.00087,-0.050761,-0.023921,0.041709,,,,,,,,,,,,,,,,,20005,CUBAL一级联赛,200267,2023-24,2023,92064,刘琦,,,19,,,,,,720,,差值,,79.17,73.61,70.2,36.45,90.66,36.98,40.75,47.94,36.45,57.09,53.14,71.45,64.45,27.65,
CUBAL一级联赛,CUBAL一级联赛,1003320453,清华大学,0.492574,0.413366,0.628743,0.27599,0.304933,0.310644,0.318725,0.358285,0.234012,0.509317,0.369186,0.287402,0.396802,0.223443,0,0,0,0,0,0,0,0,0,0,0,0,0,0,0,0,20005,CUBAL一级联赛,200267,2023-24,2023,92064,刘琦,,,19,,,,,,479.5,28772,在场,,76.97,78.09,65.92,31.27,50.75,39.33,77.34,68.16,74.53,65.36,38.39,53.37,27.72,58.05,
CUBAL一级联赛,CUBAL一级联赛,1003320453,清华大学,0.551876,0.459161,0.682692,0.253863,0.417391,0.286976,0.307692,0.360169,0.257062,0.483516,0.370056,0.236641,0.372881,0.265152,0,0,0,0,0,0,0,0,0,0,0,0,0,0,0,0,20005,CUBAL一级联赛,200267,2023-24,2023,92064,刘琦,,,19,,,,,,240.5,14428,不在场,,91.39,87.27,78.84,24.53,85.58,31.27,73.22,67.23,66.85,71.91,38.2,70.79,36.33,42.13,
CUBAL一级联赛,CUBAL一级联赛,1003320453,清华大学,0.065173,0.095723,0.072311,-0.049014,0.001556,-0.046709,0.015792,-0.032088,0.004412,-0.07586,-0.023844,-0.037166,0.019431,0.000477,,,,,,,,,,,,,,,,,20005,CUBAL一级联赛,200406,2024-25,2024,32066,袁欣悦,,,21,,,,,,690,,差值,,84.1,88.83,77.08,23.07,49.43,27.08,58.74,68.77,46.28,79.08,67.91,65.04,36.1,51.29,
CUBAL一级联赛,CUBAL一级联赛,1003320453,清华大学,0.562963,0.459259,0.725806,0.217284,0.375,0.323457,0.305344,0.350746,0.253731,0.470588,0.367164,0.300813,0.379104,0.212598,0,0,0,0,0,0,0,0,0,0,0,0,0,0,0,0,20005,CUBAL一级联赛,200406,2024-25,2024,32066,袁欣悦,,,21,,,,,,221.5,13288,不在场,,90.56,71.85,89.9,32.78,71.69,42.38,69.7,75.5,81.95,68.21,20.7,48.18,35.43,66.39,
CUBAL一级联赛,CUBAL一级联赛,1003320453,清华大学,0.49779,0.363536,0.653495,0.266298,0.373444,0.370166,0.289552,0.382834,0.249319,0.546448,0.391008,0.337979,0.359673,0.212121,0,0,0,0,0,0,0,0,0,0,0,0,0,0,0,0,20005,CUBAL一级联赛,200406,2024-25,2024,32066,袁欣悦,,,21,,,,,,468.5,28112,在场,,76.82,42.55,79.3,49.67,69.87,61.26,64.74,62.58,83.44,46.69,14.74,37.91,42.38,66.39,
CUBAL一级联赛,CUBAL一级联赛,1003320453,清华大学,-0.026117,0.090256,-0.106412,0.012841,-0.0083,-0.103097,0.022523,0.070731,-0.038961,0.026056,-0.011072,0.000228,0.050033,0.11606,,,,,,,,,,,,,,,,,20005,CUBAL一级联赛,200267,2023-24,2023,32066,袁欣悦,,,20,,,,,,720,,差值,,32.32,89.05,15.26,56.73,42.91,8.08,58.89,10.23,75.04,36.27,61.76,47.4,17.59,4.85,
CUBAL一级联赛,CUBAL一级联赛,1003320453,清华大学,0.497972,0.484787,0.589958,0.275862,0.338235,0.239351,0.330508,0.401961,0.218137,0.516854,0.362745,0.27027,0.419118,0.304094,0,0,0,0,0,0,0,0,0,0,0,0,0,0,0,0,20005,CUBAL一级联赛,200267,2023-24,2023,32066,袁欣悦,,,20,,,,,,292.5,17549,不在场,,78.28,90.82,54.87,30.9,64.23,15.73,79.78,51.31,79.96,64.79,39.89,60.67,20.79,27.72,
CUBAL一级联赛,CUBAL一级联赛,1003320453,清华大学,0.524089,0.394531,0.69637,0.263021,0.346535,0.342448,0.307985,0.33123,0.257098,0.490798,0.373817,0.270042,0.369085,0.188034,0,0,0,0,0,0,0,0,0,0,0,0,0,0,0,0,20005,CUBAL一级联赛,200267,2023-24,2023,32066,袁欣悦,,,20,,,,,,427.5,25651,在场,,86.14,73.41,81.46,27.72,65.54,49.81,74.16,77.34,66.85,71.35,36.89,60.67,37.83,72.28,
CUBAL一级联赛,CUBAL一级联赛,1003320453,清华大学,-0.137607,-0.006838,-0.083917,0.013675,-0.198142,-0.006838,-0.062937,-0.271111,-0.420741,-0.193277,0.281481,-0.015385,0.139259,-0.190476,,,,,,,,,,,,,,,,,20005,CUBAL一级联赛,200069,2022-23,2022,32066,袁欣悦,,,19,,,,,,40,,差值,,,,,,,,,,,,,,,,
CUBAL一级联赛,CUBAL一级联赛,1003320453,清华大学,0.355556,0.288889,0.538462,0.422222,0.315789,0.288889,0.153846,0.66,0.68,0.764706,0.2,0.4,0.12,0.333333,0,0,0,0,0,0,0,0,0,0,0,0,0,0,0,0,20005,CUBAL一级联赛,200069,2022-23,2022,32066,袁欣悦,,,19,,,,,,20.9,1252,在场,,,,,,,,,,,,,,,,
CUBAL一级联赛,CUBAL一级联赛,1003320453,清华大学,0.217949,0.282051,0.454545,0.435897,0.117647,0.282051,0.090909,0.388889,0.259259,0.571429,0.481481,0.384615,0.259259,0.142857,0,0,0,0,0,0,0,0,0,0,0,0,0,0,0,0,20005,CUBAL一级联赛,200069,2022-23,2022,32066,袁欣悦,,,19,,,,,,19.1,1148,不在场,,,,,,,,,,,,,,,,
CUBAL一级联赛,CUBAL一级联赛,1003320453,清华大学,-0.517939,-0.39313,-0.679612,-0.251145,-0.37386,-0.355725,-0.293991,-0.373477,-0.251172,-0.522388,0.116682,-0.327628,0.134489,-0.212821,,,,,,,,,,,,,,,,,20005,CUBAL一级联赛,200406,2024-25,2024,92943,梁悦洁,,,20,,,,,,690,,差值,,,,,,,,,,,,,,,,
CUBAL一级联赛,CUBAL一级联赛,1003320453,清华大学,0.517939,0.39313,0.679612,0.251145,0.37386,0.355725,0.293991,0.373477,0.251172,0.522388,0.383318,0.327628,0.365511,0.212821,0,0,0,0,0,0,0,0,0,0,0,0,0,0,0,0,20005,CUBAL一级联赛,200406,2024-25,2024,92943,梁悦洁,,,20,,,,,,689.4,41365,在场,,,,,,,,,,,,,,,,
CUBAL一级联赛,CUBAL一级联赛,1003320453,清华大学,0,0,0,0,0,0,0,0,0,0,0.5,0,0.5,0,0,0,0,0,0,0,0,0,0,0,0,0,0,0,0,0,20005,CUBAL一级联赛,200406,2024-25,2024,92943,梁悦洁,,,20,,,,,,0.6,35,不在场,,,,,,,,,,,,,,,,
CUBAL一级联赛,CUBAL一级联赛,1003320453,清华大学,-0.028967,-0.044631,-0.074227,0.046538,-0.005127,-0.001908,0.028541,0.057658,-0.017419,0.163547,0.018141,0.000957,-0.000723,0.03572,,,,,,,,,,,,,,,,,20005,CUBAL一级联赛,200406,2024-25,2024,80514,王镘淋,,,21,,,,,,690,,差值,,30.09,24.64,20.06,77.22,46.85,48.85,66.05,15.19,60.32,5.16,39.54,46.85,51.72,34.81,
CUBAL一级联赛,CUBAL一级联赛,1003320453,清华大学,0.53271,0.415888,0.715356,0.227414,0.376712,0.356698,0.279476,0.34252,0.259843,0.439394,0.374016,0.326316,0.366142,0.193548,0,0,0,0,0,0,0,0,0,0,0,0,0,0,0,0,20005,CUBAL一级联赛,200406,2024-25,2024,80514,王镘淋,,,21,,,,,,336.7,20204,在场,,84.6,58.94,89.24,37.58,72.35,55.3,60.26,78.31,81.62,74.17,19.04,43.38,40.56,73.34,
CUBAL一级联赛,CUBAL一级联赛,1003320453,清华大学,0.503743,0.371257,0.641129,0.273952,0.371585,0.35479,0.308017,0.400178,0.242424,0.602941,0.392157,0.327273,0.365419,0.229268,0,0,0,0,0,0,0,0,0,0,0,0,0,0,0,0,20005,CUBAL一级联赛,200406,2024-25,2024,80514,王镘淋,,,21,,,,,,353.3,21196,不在场,,78.64,45.36,76.99,51.66,69.7,54.8,71.19,55.3,84.11,31.95,14.57,43.38,40.73,59.6,
CUBAL一级联赛,CUBAL一级联赛,1003320453,清华大学,0.039637,-0.100283,0.048702,0.054412,-0.008247,0.045871,0.102366,0.058917,-0.015172,0.056355,0.073354,0.046121,-0.058182,0.062846,,,,,,,,,,,,,,,,,20005,CUBAL一级联赛,200267,2023-24,2023,80514,王镘淋,,,20,,,,,,720,,差值,,70.02,8.62,67.86,79.53,43.09,75.76,89.05,14.72,61.04,25.13,13.29,27.83,83.84,18.13,
CUBAL一级联赛,CUBAL一级联赛,1003320453,清华大学,0.492063,0.485009,0.625455,0.238095,0.348148,0.276896,0.254777,0.325056,0.250564,0.468468,0.327314,0.241379,0.422122,0.203209,0,0,0,0,0,0,0,0,0,0,0,0,0,0,0,0,20005,CUBAL一级联赛,200267,2023-24,2023,80514,王镘淋,,,20,,,,,,315,18899,在场,,76.78,90.82,65.54,20.6,65.92,27.9,54.68,79.96,68.16,74.72,50.75,69.85,20.04,64.42,
CUBAL一级联赛,CUBAL一级联赛,1003320453,清华大学,0.5317,0.384726,0.674157,0.292507,0.339901,0.322767,0.357143,0.383973,0.235392,0.524823,0.400668,0.2875,0.36394,0.266055,0,0,0,0,0,0,0,0,0,0,0,0,0,0,0,0,20005,CUBAL一级联赛,200267,2023-24,2023,80514,王镘淋,,,20,,,,,,405,24301,不在场,,87.45,71.16,76.78,36.14,64.23,43.82,85.02,58.43,73.78,62.55,27.9,53.37,40.07,42.13,
CUBAL一级联赛,CUBAL一级联赛,1003320453,清华大学,0.012689,-0.067128,-0.001243,-0.026282,-0.027799,0.093411,0.055112,0.019373,0.019198,0.074242,-0.020285,-0.064482,0.001088,0.03627,,,,,,,,,,,,,,,,,20005,CUBAL一级联赛,200406,2024-25,2024,89060,魏亦冉,,,18,,,,,,690,,差值,,58.02,17.77,47.71,36.39,38.4,88.83,76.36,37.82,37.82,20.49,65.62,74.21,49.57,34.24,
CUBAL一级联赛,CUBAL一级联赛,1003320453,清华大学,0.515537,0.405838,0.679814,0.256121,0.378676,0.338041,0.281337,0.369516,0.247469,0.509091,0.386952,0.337209,0.365579,0.206154,0,0,0,0,0,0,0,0,0,0,0,0,0,0,0,0,20005,CUBAL一级联赛,200406,2024-25,2024,89060,魏亦冉,,,18,,,,,,575.4,34523,在场,,80.63,55.79,82.95,45.7,72.35,46.69,61.26,66.72,83.44,57.45,15.4,37.91,40.73,68.71,
CUBAL一级联赛,CUBAL一级联赛,1003320453,清华大学,0.528226,0.33871,0.678571,0.229839,0.350877,0.431452,0.336449,0.388889,0.266667,0.583333,0.366667,0.272727,0.366667,0.242424,0,0,0,0,0,0,0,0,0,0,0,0,0,0,0,0,20005,CUBAL一级联赛,200406,2024-25,2024,89060,魏亦冉,,,18,,,,,,114.6,6877,不在场,,83.77,35.93,82.78,38.25,63.74,83.28,78.15,60.43,80.46,37.75,20.7,59.6,40.56,54.14,
CUBAL一级联赛,CUBAL一级联赛,1003320453,清华大学,0.022417,0.075819,-0.030081,-0.046908,0.013809,-0.028911,0.019619,-0.016226,-0.005099,-0.043872,-0.033624,0.017227,0.038723,-0.01857,,,,,,,,,,,,,,,,,20005,CUBAL一级联赛,200406,2024-25,2024,32071,张涛,,,21,,,,,,690,,差值,,63.47,82.66,34.81,24.5,53.72,35.1,61.17,60.74,52.87,68.48,74.64,40.11,24.36,61.46,
CUBAL一级联赛,CUBAL一级联赛,1003320453,清华大学,0.509674,0.365175,0.692053,0.26844,0.369369,0.366385,0.287129,0.378971,0.252648,0.538922,0.396369,0.320611,0.350983,0.219828,0,0,0,0,0,0,0,0,0,0,0,0,0,0,0,0,20005,CUBAL一级联赛,200406,2024-25,2024,32071,张涛,,,21,,,,,,425.4,25526,在场,,79.97,43.71,85.26,50.17,69.37,59.44,64.4,64.24,81.95,48.18,13.74,43.38,46.85,63.91,
CUBAL一级联赛,CUBAL一级联赛,1003320453,清华大学,0.532091,0.440994,0.661972,0.221532,0.383178,0.337474,0.306748,0.362745,0.247549,0.49505,0.362745,0.337838,0.389706,0.201258,0,0,0,0,0,0,0,0,0,0,0,0,0,0,0,0,20005,CUBAL一级联赛,200406,2024-25,2024,32071,张涛,,,21,,,,,,264.6,15874,不在场,,84.6,65.56,79.64,34.11,73.18,46.52,69.87,70.53,83.44,62.58,21.19,37.91,31.62,68.71,
CUBAL一级联赛,CUBAL一级联赛,1003320453,清华大学,-0.058489,-0.015646,-0.053862,0.023669,-0.096037,-0.008024,-0.008762,0.008972,0.005026,0.065883,0.018922,0.003578,-0.023948,-0.012426,,,,,,,,,,,,,,,,,20005,CUBAL一级联赛,200267,2023-24,2023,32071,张涛,,,20,,,,,,720,,差值,,15.62,39.5,27.83,64.27,10.05,46.68,42.37,43.45,45.24,22.08,40.93,46.86,64.63,57.63,
CUBAL一级联赛,CUBAL一级联赛,1003320453,清华大学,0.487857,0.422857,0.625,0.278571,0.302564,0.298571,0.311005,0.362602,0.243902,0.526667,0.377236,0.271552,0.378862,0.23176,0,0,0,0,0,0,0,0,0,0,0,0,0,0,0,0,20005,CUBAL一级联赛,200267,2023-24,2023,32071,张涛,,,20,,,,,,416.9,25014,不在场,,75.84,80.34,65.36,32.02,49.25,36.14,74.53,66.1,70.97,61.61,36.14,60.67,33.33,54.49,
CUBAL一级联赛,CUBAL一级联赛,1003320453,清华大学,0.546346,0.438503,0.678862,0.254902,0.398601,0.306595,0.319767,0.35363,0.238876,0.460784,0.358314,0.267974,0.40281,0.244186,0,0,0,0,0,0,0,0,0,0,0,0,0,0,0,0,20005,CUBAL一级联赛,200267,2023-24,2023,32071,张涛,,,20,,,,,,303.1,18186,在场,,90.45,83.71,77.72,24.72,81.09,38.39,77.34,70.22,72.28,76.59,40.26,61.42,26.03,50.56,
CUBAL一级联赛,CUBAL一级联赛,1003320453,清华大学,0.021794,-0.194271,-0.126316,0.07472,0.25,0.119552,0.136364,-0.245478,-0.113696,-0.115789,0.015504,0.066667,0.098191,-0.888889,,,,,,,,,,,,,,,,,20005,CUBAL一级联赛,200069,2022-23,2022,32071,张涛,,,19,,,,,,40,,差值,,60,3.33,17.78,83.33,91.11,85.56,78.89,97.78,84.44,78.89,48.89,35.56,17.78,100,
CUBAL一级联赛,CUBAL一级联赛,1003320453,清华大学,0.294521,0.260274,0.473684,0.438356,0.25,0.30137,0.136364,0.476744,0.44186,0.684211,0.348837,0.4,0.209302,0.111111,0,0,0,0,0,0,0,0,0,0,0,0,0,0,0,0,20005,CUBAL一级联赛,200069,2022-23,2022,32071,张涛,,,19,,,,,,34.2,2051,不在场,,8.93,75.89,75.89,95.54,79.46,33.93,15.18,31.25,5.36,2.68,13.39,6.25,89.29,92.86,
CUBAL一级联赛,CUBAL一级联赛,1003320453,清华大学,0.272727,0.454545,0.6,0.363636,0,0.181818,0,0.722222,0.555556,0.8,0.333333,0.333333,0.111111,1,0,0,0,0,0,0,0,0,0,0,0,0,0,0,0,0,20005,CUBAL一级联赛,200069,2022-23,2022,32071,张涛,,,19,,,,,,5.8,349,在场,,6.25,95.54,90.18,89.29,0,4.46,0,0.89,0.89,0,15.18,10.71,100,0,
CUBAL一级联赛,CUBAL一级联赛,1003320453,清华大学,-0.00593,-0.043972,0.118932,-0.058826,-0.016888,0.102797,-0.061077,0.003594,-0.01127,0.095423,-0.113397,0.06386,0.124668,-0.051628,,,,,,,,,,,,,,,,,20005,CUBAL一级联赛,200406,2024-25,2024,32074,王思文,,,23,,,,,,690,,差值,,45.85,24.93,88.54,17.62,42.69,91.55,20.06,46.28,56.02,14.18,96.7,24.64,3.3,74.07,
CUBAL一级联赛,CUBAL一级联赛,1003320453,清华大学,0.518817,0.399642,0.663677,0.259857,0.375862,0.340502,0.305263,0.372318,0.252146,0.510638,0.398069,0.320755,0.349785,0.220859,0,0,0,0,0,0,0,0,0,0,0,0,0,0,0,0,20005,CUBAL一级联赛,200406,2024-25,2024,32074,王思文,,,23,,,,,,594.7,35682,在场,,81.46,53.48,79.64,47.02,72.35,47.52,69.7,65.73,82.28,57.45,13.41,43.38,47.85,63.91,
CUBAL一级联赛,CUBAL一级联赛,1003320453,清华大学,0.512887,0.35567,0.782609,0.201031,0.358974,0.443299,0.244186,0.375912,0.240876,0.606061,0.284672,0.384615,0.474453,0.169231,0,0,0,0,0,0,0,0,0,0,0,0,0,0,0,0,20005,CUBAL一级联赛,200406,2024-25,2024,32074,王思文,,,23,,,,,,95.3,5718,不在场,,80.13,41.06,94.54,26.82,66.39,87.25,46.19,65.07,84.6,31.79,43.05,26.82,9.77,80.3,
CUBAL一级联赛,CUBAL一级联赛,1003320453,清华大学,-0.003244,0.101872,-0.017951,-0.042415,0.027323,-0.059456,-0.059913,-0.001252,0.041587,-0.008051,-0.050834,-0.04575,0.009247,0.011537,,,,,,,,,,,,,,,,,20005,CUBAL一级联赛,200267,2023-24,2023,32074,王思文,,,22,,,,,,720,,差值,,44.7,90.66,40.93,27.11,63.38,20.11,19.03,50.27,25.49,50.63,81.15,70.2,40.57,46.14,
CUBAL一级联赛,CUBAL一级联赛,1003320453,清华大学,0.511928,0.491054,0.639676,0.242545,0.360656,0.266402,0.276119,0.358173,0.266827,0.495495,0.338942,0.241135,0.394231,0.243902,0,0,0,0,0,0,0,0,0,0,0,0,0,0,0,0,20005,CUBAL一级联赛,200267,2023-24,2023,32074,王思文,,,22,,,,,,288.3,17298,不在场,,82.58,90.82,67.42,21.54,69.66,24.53,63.3,68.16,62.17,71.35,46.25,69.85,28.46,50.56,
CUBAL一级联赛,CUBAL一级联赛,1003320453,清华大学,0.515172,0.389182,0.657627,0.28496,0.333333,0.325858,0.336032,0.359425,0.22524,0.503546,0.389776,0.286885,0.384984,0.232365,0,0,0,0,0,0,0,0,0,0,0,0,0,0,0,0,20005,CUBAL一级联赛,200267,2023-24,2023,32074,王思文,,,22,,,,,,431.7,25902,在场,,83.9,71.91,72.28,34.08,62.36,44.94,82.02,67.6,77.72,65.36,31.84,53.37,30.71,54.49,
CUBAL一级联赛,CUBAL一级联赛,1003320453,清华大学,0.021794,-0.194271,0.126316,-0.029887,0.025806,0.224159,0.130435,0.104762,0.038096,0.047619,0.069842,-0.125,-0.107936,0.25,,,,,,,,,,,,,,,,,20005,CUBAL一级联赛,200069,2022-23,2022,32074,王思文,,,21,,,,,,40,,差值,,60,3.33,76.67,40,60,97.78,77.78,21.11,33.33,42.22,20,84.44,90,7.78,
CUBAL一级联赛,CUBAL一级联赛,1003320453,清华大学,0.294521,0.260274,0.526316,0.424658,0.225806,0.315068,0.130435,0.533333,0.466667,0.714286,0.355556,0.375,0.177778,0.25,0,0,0,0,0,0,0,0,0,0,0,0,0,0,0,0,20005,CUBAL一级联赛,200069,2022-23,2022,32074,王思文,,,21,,,,,,33.4,2004,不在场,,8.93,75.89,80.36,92.86,75.89,39.29,12.5,16.96,3.57,1.79,11.61,9.82,95.54,50.89,
CUBAL一级联赛,CUBAL一级联赛,1003320453,清华大学,0.272727,0.454545,0.4,0.454545,0.2,0.090909,0,0.428571,0.428571,0.666667,0.285714,0.5,0.285714,0,0,0,0,0,0,0,0,0,0,0,0,0,0,0,0,0,20005,CUBAL一级联赛,200069,2022-23,2022,32074,王思文,,,21,,,,,,6.6,396,在场,,6.25,95.54,70.54,95.54,72.32,0,0,47.32,5.36,3.57,20.54,1.79,71.43,100,
CUBAL一级联赛,CUBAL一级联赛,1003320453,清华大学,-0.026956,-0.041956,-0.074072,0.027567,0.038361,0.014389,0.006086,0.018188,0.022245,0.090479,-0.031101,0.013492,0.008856,-0.02597,,,,,,,,,,,,,,,,,20005,CUBAL一级联赛,200406,2024-25,2024,88706,孙楷文,,,18,,,,,,690,,差值,,30.95,26.93,20.2,66.62,64.61,59.17,53.01,39.11,36.25,16.48,72.78,41.26,43.27,64.33,
CUBAL一级联赛,CUBAL一级联赛,1003320453,清华大学,0.527981,0.408759,0.705357,0.240876,0.358586,0.350365,0.291667,0.366228,0.24269,0.487952,0.394737,0.322222,0.362573,0.221774,0,0,0,0,0,0,0,0,0,0,0,0,0,0,0,0,20005,CUBAL一级联赛,200406,2024-25,2024,88706,孙楷文,,,18,,,,,,433.7,26021,在场,,83.77,55.96,87.25,41.72,66.39,52.48,65.4,68.21,84.11,62.58,14.07,43.38,42.22,63.91,
CUBAL一级联赛,CUBAL一级联赛,1003320453,清华大学,0.501025,0.366803,0.631285,0.268443,0.396947,0.364754,0.297753,0.384416,0.264935,0.578431,0.363636,0.335714,0.371429,0.195804,0,0,0,0,0,0,0,0,0,0,0,0,0,0,0,0,20005,CUBAL一级联赛,200406,2024-25,2024,88706,孙楷文,,,18,,,,,,256.3,15379,不在场,,78.64,44.21,73.68,50.17,75.99,58.44,67.88,62.25,80.46,38.91,21.03,37.91,38.41,72.85,
CUBAL一级联赛,CUBAL一级联赛,1003320453,清华大学,0.026176,0.047549,0.029275,0.027453,0.026887,-0.075001,-0.002823,0.002935,-0.046695,0.000668,0.060545,0.045414,-0.01385,-0.009662,,,,,,,,,,,,,,,,,20005,CUBAL一级联赛,200406,2024-25,2024,32067,高梓悦,,,21,,,,,,690,,差值,,66.62,73.64,61.32,66.48,60.03,16.19,47.42,46.7,75.64,48.42,14.04,30.52,61.75,56.3,
CUBAL一级联赛,CUBAL一级联赛,1003320453,清华大学,0.530827,0.416541,0.693141,0.264662,0.386364,0.318797,0.292453,0.374132,0.229167,0.522727,0.411458,0.345992,0.359375,0.207729,0,0,0,0,0,0,0,0,0,0,0,0,0,0,0,0,20005,CUBAL一级联赛,200406,2024-25,2024,32067,高梓悦,,,21,,,,,,361.7,21702,不在场,,84.44,58.94,85.76,48.18,74.17,40.4,65.73,65.4,85.93,53.48,12.25,37.42,42.55,67.72,
CUBAL一级联赛,CUBAL一级联赛,1003320453,清华大学,0.504651,0.368992,0.663866,0.237209,0.359477,0.393798,0.295276,0.371197,0.275862,0.522059,0.350913,0.300578,0.373225,0.217391,0,0,0,0,0,0,0,0,0,0,0,0,0,0,0,0,20005,CUBAL一级联赛,200406,2024-25,2024,32067,高梓悦,,,21,,,,,,328.3,19698,在场,,78.64,44.87,79.64,41.06,66.39,69.87,66.89,66.06,78.64,53.48,23.18,48.18,37.58,65.23,
CUBAL一级联赛,CUBAL一级联赛,1003320453,清华大学,-0.018305,-0.027422,0.008831,0.036789,-0.060879,-0.009368,0.008268,-0.003868,-0.025355,0,0.018954,0.078802,0.006402,-0.047619,,,,,,,,,,,,,,,,,20005,CUBAL一级联赛,200267,2023-24,2023,32067,高梓悦,,,20,,,,,,720,,差值,,35.19,33.75,53.14,70.92,18.13,45.96,53.32,51.35,67.15,47.04,40.75,18.67,43.09,75.94,
CUBAL一级联赛,CUBAL一级联赛,1003320453,清华大学,0.523052,0.443561,0.645161,0.249603,0.375796,0.306836,0.310881,0.360714,0.253571,0.5,0.360714,0.232673,0.385714,0.259259,0,0,0,0,0,0,0,0,0,0,0,0,0,0,0,0,20005,CUBAL一级联赛,200267,2023-24,2023,32067,高梓悦,,,20,,,,,,389.7,23380,在场,,85.77,84.64,68.54,23.22,75.84,38.39,74.53,67.23,68.16,69.1,40.07,72.28,30.71,44.01,
CUBAL一级联赛,CUBAL一级联赛,1003320453,清华大学,0.504747,0.416139,0.653992,0.286392,0.314917,0.297468,0.319149,0.356846,0.228216,0.5,0.379668,0.311475,0.392116,0.21164,0,0,0,0,0,0,0,0,0,0,0,0,0,0,0,0,20005,CUBAL一级联赛,200267,2023-24,2023,32067,高梓悦,,,20,,,,,,330.3,19820,不在场,,80.34,78.84,71.35,35.02,53.37,35.58,77.34,68.54,76.03,69.1,35.21,47.38,29.21,62.55,
CUBAL一级联赛,CUBAL一级联赛,1003320453,清华大学,0.017857,0.160714,-0.083917,0.053572,-0.107024,-0.214286,0.15,0.098039,0.143791,-0.014286,-0.189543,0.142857,0.045751,0.083333,,,,,,,,,,,,,,,,,20005,CUBAL一级联赛,200069,2022-23,2022,32067,高梓悦,,,19,,,,,,40,,差值,,,,,,,,,,,,,,,,
CUBAL一级联赛,CUBAL一级联赛,1003320453,清华大学,0.285714,0.232143,0.538462,0.410714,0.26087,0.357143,0.1,0.485294,0.411765,0.714286,0.411765,0.357143,0.176471,0.166667,0,0,0,0,0,0,0,0,0,0,0,0,0,0,0,0,20005,CUBAL一级联赛,200069,2022-23,2022,32067,高梓悦,,,19,,,,,,26.2,1572,在场,,,,,,,,,,,,,,,,
CUBAL一级联赛,CUBAL一级联赛,1003320453,清华大学,0.303571,0.392857,0.454545,0.464286,0.153846,0.142857,0.25,0.583333,0.555556,0.7,0.222222,0.5,0.222222,0.25,0,0,0,0,0,0,0,0,0,0,0,0,0,0,0,0,20005,CUBAL一级联赛,200069,2022-23,2022,32067,高梓悦,,,19,,,,,,13.8,828,不在场,,,,,,,,,,,,,,,,
CUBAL一级联赛,CUBAL一级联赛,1003320453,清华大学,-0.01409,-0.115773,0.185945,-0.004958,0.260661,0.120731,-0.194035,0.181805,-0.089108,0,-0.21836,-0.27154,0.307468,0.212121,,,,,,,,,,,,,,,,,20005,CUBAL一级联赛,200267,2023-24,2023,32073,金耘可,,,21,,,,,,720,,差值,,,,,,,,,,,,,,,,
CUBAL一级联赛,CUBAL一级联赛,1003320453,清华大学,0.51409,0.431562,0.647388,0.268116,0.339339,0.300322,0.319035,0.356657,0.242954,0.5,0.372206,0.27154,0.38484,0.232323,0,0,0,0,0,0,0,0,0,0,0,0,0,0,0,0,20005,CUBAL一级联赛,200267,2023-24,2023,32073,金耘可,,,21,,,,,,708.3,42496,在场,,,,,,,,,,,,,,,,
CUBAL一级联赛,CUBAL一级联赛,1003320453,清华大学,0.5,0.315789,0.833333,0.263158,0.6,0.421053,0.125,0.538462,0.153846,0.5,0.153846,0,0.692308,0.444444,0,0,0,0,0,0,0,0,0,0,0,0,0,0,0,0,20005,CUBAL一级联赛,200267,2023-24,2023,32073,金耘可,,,21,,,,,,11.7,704,不在场,,,,,,,,,,,,,,,,
CUBAL一级联赛,CUBAL一级联赛,1003320453,清华大学,-0.03481,-0.036716,-0.075811,0.045672,0.049713,-0.008956,-0.012446,0.032459,0.031003,0.05979,-0.0264,-0.034189,-0.004603,0.043795,,,,,,,,,,,,,,,,,20005,CUBAL一级联赛,200406,2024-25,2024,93035,李瑜婧,,,21,,,,,,690,,差值,,25.64,29.08,18.77,76.93,69.2,45.85,41.55,29.51,29.94,26.5,69.34,63.04,54.01,29.08,
CUBAL一级联赛,CUBAL一级联赛,1003320453,清华大学,0.531969,0.407928,0.708464,0.232737,0.351648,0.359335,0.298932,0.359813,0.238318,0.496732,0.394081,0.339921,0.367601,0.194915,0,0,0,0,0,0,0,0,0,0,0,0,0,0,0,0,20005,CUBAL一级联赛,200406,2024-25,2024,93035,李瑜婧,,,21,,,,,,413.5,24808,在场,,84.6,55.96,87.58,38.91,63.74,57.12,67.88,72.19,84.93,62.58,14.24,37.91,40.56,73.01,
CUBAL一级联赛,CUBAL一级联赛,1003320453,清华大学,0.497159,0.371212,0.632653,0.278409,0.401361,0.350379,0.286486,0.392272,0.269321,0.556522,0.367681,0.305732,0.362998,0.23871,0,0,0,0,0,0,0,0,0,0,0,0,0,0,0,0,20005,CUBAL一级联赛,200406,2024-25,2024,93035,李瑜婧,,,21,,,,,,276.5,16592,不在场,,76.82,45.36,74.17,54.8,79.3,52.48,64.4,59.11,79.97,45.03,20.36,47.68,42.05,55.96,
CUBAL一级联赛,CUBAL一级联赛,1003320453,清华大学,0.040214,-0.021196,0.045301,-0.051006,0.09749,0.072202,-0.00747,-0.061046,-0.017728,0,-0.034439,0.005049,0.052167,-0.099095,,,,,,,,,,,,,,,,,20005,CUBAL一级联赛,200267,2023-24,2023,93035,李瑜婧,,,20,,,,,,720,,差值,,70.38,36.8,66.25,23.7,88.15,86.54,43.99,82.76,62.3,47.04,73.07,45.24,16.34,91.2,
CUBAL一级联赛,CUBAL一级联赛,1003320453,清华大学,0.507914,0.432961,0.643011,0.275605,0.331081,0.291434,0.316294,0.367713,0.244395,0.5,0.374439,0.269461,0.381166,0.252941,0,0,0,0,0,0,0,0,0,0,0,0,0,0,0,0,20005,CUBAL一级联赛,200267,2023-24,2023,93035,李瑜婧,,,20,,,,,,613,36779,在场,,81.65,82.58,68.16,30.71,58.99,33.15,76.4,63.67,70.97,69.1,36.89,60.67,32.58,45.32,
CUBAL一级联赛,CUBAL一级联赛,1003320453,清华大学,0.548128,0.411765,0.688312,0.224599,0.428571,0.363636,0.308824,0.306667,0.226667,0.5,0.34,0.27451,0.433333,0.153846,0,0,0,0,0,0,0,0,0,0,0,0,0,0,0,0,20005,CUBAL一级联赛,200267,2023-24,2023,93035,李瑜婧,,,20,,,,,,107,6421,不在场,,91.01,77.72,79.96,16.85,86.52,59.18,74.16,85.77,77.53,69.1,46.07,59.36,18.35,80.9,
undefined,undefined,,,,,,,,,,,,,,,,,,,,,,,,,,,,,,,,,,,,,,,,,,,,,,,,,,,,,,,,,,,,,,,,,,郑梓怡