teamId,teamName,有效投篮命中率,篮下比重,篮下命中率,中距离比重,中距离命中率,三分比重,三分命中率,对手有效命中率,对手篮下比重,对手篮下命中率,对手中距离比重,对手中距离命中率,对手三分比重,对手三分命中率,篮下近距离比重,短中距离命中率,远中距离比重,长中距离命中率,底角三分比重,底角三分命中率,侧翼三分比重,非底角三分命中率,对手近距离比重,对手近距离命中率,对手远中距离比重,对手远中距离命中率,对手底角三分比重,对手底角三分命中率,对手侧翼三分比重,对手侧翼三分命中率,leagueEventId,leagueEvent,seasonId,season,year,playerId,playerName,playerEnName,number,age,sex,position,height,weight,positionCn,上场时间(分钟),上场时间(秒),onOff,球队比赛场次,球队eFG%百分位,球队篮下出手占比百分位排名,球队篮下命中率百分位排名,球队中距离出手占比百分位排名,球队中距离命中率百分位排名,球队三分出手占比百分位排名,球队三分命中率百分位排名,对手eFG%百分位,对手篮下出手占比百分位排名,对手篮下命中率百分位排名,对手中距离出手占比百分位排名,对手中距离命中率百分位排名,对手三分出手占比百分位排名,对手三分命中率百分位排名,_period
1003320453,清华大学,-0.03481,-0.036716,-0.075811,0.045672,0.049713,-0.008956,-0.012446,0.032459,0.031003,0.05979,-0.0264,-0.034189,-0.004603,0.043795,,,,,,,,,,,,,,,,,20005,CUBAL一级联赛,200406,2024-25,2024,93035,李瑜婧,,,21,,,,,,690,,差值,,25.64,29.08,18.77,76.93,69.2,45.85,41.55,29.51,29.94,26.5,69.34,63.04,54.01,29.08,CUBAL一级联赛 2024
1003320453,清华大学,0.497159,0.371212,0.632653,0.278409,0.401361,0.350379,0.286486,0.392272,0.269321,0.556522,0.367681,0.305732,0.362998,0.23871,0,0,0,0,0,0,0,0,0,0,0,0,0,0,0,0,20005,CUBAL一级联赛,200406,2024-25,2024,93035,李瑜婧,,,21,,,,,,276.5,16592,不在场,,76.82,45.36,74.17,54.8,79.3,52.48,64.4,59.11,79.97,45.03,20.36,47.68,42.05,55.96,CUBAL一级联赛 2024
1003320453,清华大学,0.531969,0.407928,0.708464,0.232737,0.351648,0.359335,0.298932,0.359813,0.238318,0.496732,0.394081,0.339921,0.367601,0.194915,0,0,0,0,0,0,0,0,0,0,0,0,0,0,0,0,20005,CUBAL一级联赛,200406,2024-25,2024,93035,李瑜婧,,,21,,,,,,413.5,24808,在场,,84.6,55.96,87.58,38.91,63.74,57.12,67.88,72.19,84.93,62.58,14.24,37.91,40.56,73.01,CUBAL一级联赛 2024
1003320453,清华大学,-0.024218,-0.047129,0.076389,-0.024468,-0.078432,0.071597,-0.047311,-0.000648,0.008871,-0.076031,-0.005588,-0.032457,-0.003284,0.053012,,,,,,,,,,,,,,,,,20005,CUBAL一级联赛,200406,2024-25,2024,92064,刘琦,,,20,,,,,,690,,差值,,33.67,23.21,78.22,37.54,18.91,82.95,25.64,49.43,43.41,79.23,55.87,62.61,53.15,25.07,CUBAL一级联赛 2024
1003320453,清华大学,0.530233,0.417054,0.643123,0.263566,0.411765,0.31938,0.320388,0.373106,0.246212,0.561538,0.386364,0.343137,0.367424,0.185567,0,0,0,0,0,0,0,0,0,0,0,0,0,0,0,0,20005,CUBAL一级联赛,200406,2024-25,2024,92064,刘琦,,,20,,,,,,352.4,21143,在场,,84.27,59.27,77.32,48.01,80.3,40.89,74.01,65.56,83.77,43.71,15.56,37.58,40.56,75.17,CUBAL一级联赛 2024
1003320453,清华大学,0.506015,0.369925,0.719512,0.239098,0.333333,0.390977,0.273077,0.372458,0.255083,0.485507,0.380776,0.31068,0.36414,0.238579,0,0,0,0,0,0,0,0,0,0,0,0,0,0,0,0,20005,CUBAL一级联赛,200406,2024-25,2024,92064,刘琦,,,20,,,,,,337.6,20257,不在场,,78.81,45.36,89.4,41.39,59.11,68.87,58.94,65.73,81.79,63.91,16.56,46.69,41.56,55.96,CUBAL一级联赛 2024
1003320453,清华大学,0.012689,-0.067128,-0.001243,-0.026282,-0.027799,0.093411,0.055112,0.019373,0.019198,0.074242,-0.020285,-0.064482,0.001088,0.03627,,,,,,,,,,,,,,,,,20005,CUBAL一级联赛,200406,2024-25,2024,89060,魏亦冉,,,18,,,,,,690,,差值,,58.02,17.77,47.71,36.39,38.4,88.83,76.36,37.82,37.82,20.49,65.62,74.21,49.57,34.24,CUBAL一级联赛 2024
1003320453,清华大学,0.528226,0.33871,0.678571,0.229839,0.350877,0.431452,0.336449,0.388889,0.266667,0.583333,0.366667,0.272727,0.366667,0.242424,0,0,0,0,0,0,0,0,0,0,0,0,0,0,0,0,20005,CUBAL一级联赛,200406,2024-25,2024,89060,魏亦冉,,,18,,,,,,114.6,6877,不在场,,83.77,35.93,82.78,38.25,63.74,83.28,78.15,60.43,80.46,37.75,20.7,59.6,40.56,54.14,CUBAL一级联赛 2024
1003320453,清华大学,0.515537,0.405838,0.679814,0.256121,0.378676,0.338041,0.281337,0.369516,0.247469,0.509091,0.386952,0.337209,0.365579,0.206154,0,0,0,0,0,0,0,0,0,0,0,0,0,0,0,0,20005,CUBAL一级联赛,200406,2024-25,2024,89060,魏亦冉,,,18,,,,,,575.4,34523,在场,,80.63,55.79,82.95,45.7,72.35,46.69,61.26,66.72,83.44,57.45,15.4,37.91,40.73,68.71,CUBAL一级联赛 2024
1003320453,清华大学,-0.026956,-0.041956,-0.074072,0.027567,0.038361,0.014389,0.006086,0.018188,0.022245,0.090479,-0.031101,0.013492,0.008856,-0.02597,,,,,,,,,,,,,,,,,20005,CUBAL一级联赛,200406,2024-25,2024,88706,孙楷文,,,18,,,,,,690,,差值,,30.95,26.93,20.2,66.62,64.61,59.17,53.01,39.11,36.25,16.48,72.78,41.26,43.27,64.33,CUBAL一级联赛 2024
1003320453,清华大学,0.501025,0.366803,0.631285,0.268443,0.396947,0.364754,0.297753,0.384416,0.264935,0.578431,0.363636,0.335714,0.371429,0.195804,0,0,0,0,0,0,0,0,0,0,0,0,0,0,0,0,20005,CUBAL一级联赛,200406,2024-25,2024,88706,孙楷文,,,18,,,,,,256.3,15379,不在场,,78.64,44.21,73.68,50.17,75.99,58.44,67.88,62.25,80.46,38.91,21.03,37.91,38.41,72.85,CUBAL一级联赛 2024
1003320453,清华大学,0.527981,0.408759,0.705357,0.240876,0.358586,0.350365,0.291667,0.366228,0.24269,0.487952,0.394737,0.322222,0.362573,0.221774,0,0,0,0,0,0,0,0,0,0,0,0,0,0,0,0,20005,CUBAL一级联赛,200406,2024-25,2024,88706,孙楷文,,,18,,,,,,433.7,26021,在场,,83.77,55.96,87.25,41.72,66.39,52.48,65.4,68.21,84.11,62.58,14.07,43.38,42.22,63.91,CUBAL一级联赛 2024
1003320453,清华大学,-0.028967,-0.044631,-0.074227,0.046538,-0.005127,-0.001908,0.028541,0.057658,-0.017419,0.163547,0.018141,0.000957,-0.000723,0.03572,,,,,,,,,,,,,,,,,20005,CUBAL一级联赛,200406,2024-25,2024,80514,王镘淋,,,21,,,,,,690,,差值,,30.09,24.64,20.06,77.22,46.85,48.85,66.05,15.19,60.32,5.16,39.54,46.85,51.72,34.81,CUBAL一级联赛 2024
1003320453,清华大学,0.53271,0.415888,0.715356,0.227414,0.376712,0.356698,0.279476,0.34252,0.259843,0.439394,0.374016,0.326316,0.366142,0.193548,0,0,0,0,0,0,0,0,0,0,0,0,0,0,0,0,20005,CUBAL一级联赛,200406,2024-25,2024,80514,王镘淋,,,21,,,,,,336.7,20204,在场,,84.6,58.94,89.24,37.58,72.35,55.3,60.26,78.31,81.62,74.17,19.04,43.38,40.56,73.34,CUBAL一级联赛 2024
1003320453,清华大学,0.503743,0.371257,0.641129,0.273952,0.371585,0.35479,0.308017,0.400178,0.242424,0.602941,0.392157,0.327273,0.365419,0.229268,0,0,0,0,0,0,0,0,0,0,0,0,0,0,0,0,20005,CUBAL一级联赛,200406,2024-25,2024,80514,王镘淋,,,21,,,,,,353.3,21196,不在场,,78.64,45.36,76.99,51.66,69.7,54.8,71.19,55.3,84.11,31.95,14.57,43.38,40.73,59.6,CUBAL一级联赛 2024
1003320453,清华大学,-0.002345,-0.088224,0.018627,-0.002294,-0.003807,0.090517,0.023395,0.000072,0.025811,0.059047,0.024276,-0.065105,-0.050086,0.00881,,,,,,,,,,,,,,,,,20005,CUBAL一级联赛,200406,2024-25,2024,40730,李嘉琳,,,19,,,,,,690,,差值,,47.28,10.74,56.3,49.86,47.71,88.54,62.61,48.42,33.95,26.79,34.1,74.5,80.52,47.13,CUBAL一级联赛 2024
1003320453,清华大学,0.519113,0.437309,0.671329,0.252294,0.375758,0.310398,0.280788,0.372744,0.238267,0.492424,0.371841,0.359223,0.389892,0.208333,0,0,0,0,0,0,0,0,0,0,0,0,0,0,0,0,20005,CUBAL一级联赛,200406,2024-25,2024,40730,李嘉琳,,,19,,,,,,356.1,21365,在场,,81.62,63.91,82.28,44.54,72.35,38.41,60.93,65.56,84.93,62.58,19.04,33.61,31.29,67.55,CUBAL一级联赛 2024
1003320453,清华大学,0.516768,0.349085,0.689956,0.25,0.371951,0.400915,0.304183,0.372816,0.264078,0.551471,0.396117,0.294118,0.339806,0.217143,0,0,0,0,0,0,0,0,0,0,0,0,0,0,0,0,20005,CUBAL一级联赛,200406,2024-25,2024,40730,李嘉琳,,,19,,,,,,333.9,20035,不在场,,80.96,39.24,85.26,43.54,69.7,73.84,69.21,65.56,81.13,45.7,13.91,50.17,52.48,65.56,CUBAL一级联赛 2024
1003320453,清华大学,-0.00593,-0.043972,0.118932,-0.058826,-0.016888,0.102797,-0.061077,0.003594,-0.01127,0.095423,-0.113397,0.06386,0.124668,-0.051628,,,,,,,,,,,,,,,,,20005,CUBAL一级联赛,200406,2024-25,2024,32074,王思文,,,23,,,,,,690,,差值,,45.85,24.93,88.54,17.62,42.69,91.55,20.06,46.28,56.02,14.18,96.7,24.64,3.3,74.07,CUBAL一级联赛 2024
1003320453,清华大学,0.518817,0.399642,0.663677,0.259857,0.375862,0.340502,0.305263,0.372318,0.252146,0.510638,0.398069,0.320755,0.349785,0.220859,0,0,0,0,0,0,0,0,0,0,0,0,0,0,0,0,20005,CUBAL一级联赛,200406,2024-25,2024,32074,王思文,,,23,,,,,,594.7,35682,在场,,81.46,53.48,79.64,47.02,72.35,47.52,69.7,65.73,82.28,57.45,13.41,43.38,47.85,63.91,CUBAL一级联赛 2024
1003320453,清华大学,0.512887,0.35567,0.782609,0.201031,0.358974,0.443299,0.244186,0.375912,0.240876,0.606061,0.284672,0.384615,0.474453,0.169231,0,0,0,0,0,0,0,0,0,0,0,0,0,0,0,0,20005,CUBAL一级联赛,200406,2024-25,2024,32074,王思文,,,23,,,,,,95.3,5718,不在场,,80.13,41.06,94.54,26.82,66.39,87.25,46.19,65.07,84.6,31.79,43.05,26.82,9.77,80.3,CUBAL一级联赛 2024
1003320453,清华大学,-0.020295,0.063332,-0.006718,0.019786,-0.005127,-0.083117,-0.056414,-0.054952,-0.009997,-0.152471,0.036526,0.05456,-0.026528,-0.064616,,,,,,,,,,,,,,,,,20005,CUBAL一级联赛,200406,2024-25,2024,32072,吴语桐,,,20,,,,,,690,,差值,,36.39,78.65,45.42,61.89,46.85,13.61,21.63,80.23,55.73,94.41,24.93,27.51,70.63,78.94,CUBAL一级联赛 2024
1003320453,清华大学,0.52883,0.359143,0.683486,0.240527,0.376712,0.400329,0.320988,0.402439,0.256098,0.603175,0.363821,0.296089,0.380081,0.245989,0,0,0,0,0,0,0,0,0,0,0,0,0,0,0,0,20005,CUBAL一级联赛,200406,2024-25,2024,32072,吴语桐,,,20,,,,,,314,18840,在场,,84.27,41.89,83.77,41.56,72.35,73.84,74.01,54.47,81.79,31.95,20.86,50,35.26,53.64,CUBAL一级联赛 2024
1003320453,清华大学,0.508535,0.422475,0.676768,0.260313,0.371585,0.317212,0.264574,0.347487,0.246101,0.450704,0.400347,0.350649,0.353553,0.181373,0,0,0,0,0,0,0,0,0,0,0,0,0,0,0,0,20005,CUBAL一级联赛,200406,2024-25,2024,32072,吴语桐,,,20,,,,,,376,22560,不在场,,79.8,59.93,82.62,47.35,69.7,40.23,53.81,76.49,83.77,72.02,13.41,36.26,45.7,76.82,CUBAL一级联赛 2024
1003320453,清华大学,0.022417,0.075819,-0.030081,-0.046908,0.013809,-0.028911,0.019619,-0.016226,-0.005099,-0.043872,-0.033624,0.017227,0.038723,-0.01857,,,,,,,,,,,,,,,,,20005,CUBAL一级联赛,200406,2024-25,2024,32071,张涛,,,21,,,,,,690,,差值,,63.47,82.66,34.81,24.5,53.72,35.1,61.17,60.74,52.87,68.48,74.64,40.11,24.36,61.46,CUBAL一级联赛 2024
1003320453,清华大学,0.532091,0.440994,0.661972,0.221532,0.383178,0.337474,0.306748,0.362745,0.247549,0.49505,0.362745,0.337838,0.389706,0.201258,0,0,0,0,0,0,0,0,0,0,0,0,0,0,0,0,20005,CUBAL一级联赛,200406,2024-25,2024,32071,张涛,,,21,,,,,,264.6,15874,不在场,,84.6,65.56,79.64,34.11,73.18,46.52,69.87,70.53,83.44,62.58,21.19,37.91,31.62,68.71,CUBAL一级联赛 2024
1003320453,清华大学,0.509674,0.365175,0.692053,0.26844,0.369369,0.366385,0.287129,0.378971,0.252648,0.538922,0.396369,0.320611,0.350983,0.219828,0,0,0,0,0,0,0,0,0,0,0,0,0,0,0,0,20005,CUBAL一级联赛,200406,2024-25,2024,32071,张涛,,,21,,,,,,425.4,25526,在场,,79.97,43.71,85.26,50.17,69.37,59.44,64.4,64.24,81.95,48.18,13.74,43.38,46.85,63.91,CUBAL一级联赛 2024
1003320453,清华大学,0.026176,0.047549,0.029275,0.027453,0.026887,-0.075001,-0.002823,0.002935,-0.046695,0.000668,0.060545,0.045414,-0.01385,-0.009662,,,,,,,,,,,,,,,,,20005,CUBAL一级联赛,200406,2024-25,2024,32067,高梓悦,,,21,,,,,,690,,差值,,66.62,73.64,61.32,66.48,60.03,16.19,47.42,46.7,75.64,48.42,14.04,30.52,61.75,56.3,CUBAL一级联赛 2024
1003320453,清华大学,0.504651,0.368992,0.663866,0.237209,0.359477,0.393798,0.295276,0.371197,0.275862,0.522059,0.350913,0.300578,0.373225,0.217391,0,0,0,0,0,0,0,0,0,0,0,0,0,0,0,0,20005,CUBAL一级联赛,200406,2024-25,2024,32067,高梓悦,,,21,,,,,,328.3,19698,在场,,78.64,44.87,79.64,41.06,66.39,69.87,66.89,66.06,78.64,53.48,23.18,48.18,37.58,65.23,CUBAL一级联赛 2024
1003320453,清华大学,0.530827,0.416541,0.693141,0.264662,0.386364,0.318797,0.292453,0.374132,0.229167,0.522727,0.411458,0.345992,0.359375,0.207729,0,0,0,0,0,0,0,0,0,0,0,0,0,0,0,0,20005,CUBAL一级联赛,200406,2024-25,2024,32067,高梓悦,,,21,,,,,,361.7,21702,不在场,,84.44,58.94,85.76,48.18,74.17,40.4,65.73,65.4,85.93,53.48,12.25,37.42,42.55,67.72,CUBAL一级联赛 2024
1003320453,清华大学,0.065173,0.095723,0.072311,-0.049014,0.001556,-0.046709,0.015792,-0.032088,0.004412,-0.07586,-0.023844,-0.037166,0.019431,0.000477,,,,,,,,,,,,,,,,,20005,CUBAL一级联赛,200406,2024-25,2024,32066,袁欣悦,,,21,,,,,,690,,差值,,84.1,88.83,77.08,23.07,49.43,27.08,58.74,68.77,46.28,79.08,67.91,65.04,36.1,51.29,CUBAL一级联赛 2024
1003320453,清华大学,0.49779,0.363536,0.653495,0.266298,0.373444,0.370166,0.289552,0.382834,0.249319,0.546448,0.391008,0.337979,0.359673,0.212121,0,0,0,0,0,0,0,0,0,0,0,0,0,0,0,0,20005,CUBAL一级联赛,200406,2024-25,2024,32066,袁欣悦,,,21,,,,,,468.5,28112,在场,,76.82,42.55,79.3,49.67,69.87,61.26,64.74,62.58,83.44,46.69,14.74,37.91,42.38,66.39,CUBAL一级联赛 2024
1003320453,清华大学,0.562963,0.459259,0.725806,0.217284,0.375,0.323457,0.305344,0.350746,0.253731,0.470588,0.367164,0.300813,0.379104,0.212598,0,0,0,0,0,0,0,0,0,0,0,0,0,0,0,0,20005,CUBAL一级联赛,200406,2024-25,2024,32066,袁欣悦,,,21,,,,,,221.5,13288,不在场,,90.56,71.85,89.9,32.78,71.69,42.38,69.7,75.5,81.95,68.21,20.7,48.18,35.43,66.39,CUBAL一级联赛 2024
1003320453,清华大学,0.029415,0.060192,0.004083,-0.005745,-0.011688,-0.054447,0.02902,-0.022035,-0.015506,-0.127423,0.03788,0.057445,-0.022375,-0.014258,,,,,,,,,,,,,,,,,20005,CUBAL一级联赛,200406,2024-25,2024,32064,王小青,,,22,,,,,,690,,差值,,68.77,77.51,50.57,47.99,44.7,23.78,66.62,64.47,59.03,89.54,24.36,26.07,68.62,59.17,CUBAL一级联赛 2024
1003320453,清华大学,0.49892,0.354212,0.676829,0.25486,0.381356,0.390929,0.276243,0.387228,0.26087,0.604167,0.358696,0.287879,0.380435,0.221429,0,0,0,0,0,0,0,0,0,0,0,0,0,0,0,0,20005,CUBAL一级联赛,200406,2024-25,2024,32064,王小青,,,22,,,,,,231.9,13913,在场,,76.82,40.89,82.62,45.36,73.18,68.87,59.44,61.09,81.46,31.95,22.19,52.15,35.26,63.91,CUBAL一级联赛 2024
1003320453,清华大学,0.528335,0.414404,0.680912,0.249115,0.369668,0.336482,0.305263,0.365193,0.245364,0.476744,0.396576,0.345324,0.35806,0.207171,0,0,0,0,0,0,0,0,0,0,0,0,0,0,0,0,20005,CUBAL一级联赛,200406,2024-25,2024,32064,王小青,,,22,,,,,,458.1,27487,不在场,,83.94,58.11,83.28,43.54,69.37,46.52,69.7,69.04,83.77,66.72,13.74,37.42,43.71,67.72,CUBAL一级联赛 2024